<?xml version="1.0" encoding="UTF-8"?>
<!-- Generated by JClic - https://projectestac.github.io/jclic -->
<manifest identifier="JClic-8E0698" version="1.0" xmlns="http://www.imsproject.org/xsd/imscp_rootv1p1p2" xmlns:adlcp="http://www.adlnet.org/xsd/adlcp_rootv1p2" xmlns:xsi="http://www.w3.org/2001/XMLSchema-instance" xsi:schemaLocation= "http://www.imsproject.org/xsd/imscp_rootv1p1p2 imscp_rootv1p1p2.xsd http://www.imsglobal.org/xsd/imsmd_rootv1p2p1 imsmd_rootv1p2p1.xsd http://www.adlnet.org/xsd/adlcp_rootv1p2 adlcp_rootv1p2.xsd">
 <metadata> 
  <schema>ADL SCORM</schema>
  <schemaversion>1.2</schemaversion>
 </metadata> 
 <organizations default="JClic">  
  <organization identifier="JClic">  
   <title>Artepy Game</title>
   <item identifier="ITEM_JClic-8E0698" identifierref="RES_JClic-8E0698">
    <title>Artepy Game</title>
   </item>
  </organization>
 </organizations>
 <resources>
  <resource identifier="RES_JClic-8E0698" type="webcontent" href="/index.html" adlcp:scormtype="sco"> 
   <file href="04_arroyos_y_esteros_-_efren_echeverria.mp3"/>
   <file href="05_misiones_nu_-_efren_echeverria.mp3"/>
   <file href="07_kilometro_11_-_efren_echeverria.mp3"/>
   <file href="09_paraguari_-_efren_echeverria.mp3"/>
   <file href="1712190478851.png"/>
   <file href="84573-banderas-amrica-paraguay-corazn.gif"/>
   <file href="almaguarani.mp3"/>
   <file href="artepy_game.jclic"/>
   <file href="artepy_game.jclic.js"/>
   <file href="berta-rojas-da-a-conocer-su-nuevo-album-salsa-roja-_518_315_213127__1_.jpg"/>
   <file href="berta-rojas-facebook-resized3.jpg"/>
   <file href="berta_1.png"/>
   <file href="berta_4.png"/>
   <file href="berta_rojas.jpg"/>
   <file href="berta_rojas150-resized.jpg"/>
   <file href="berta_rojas_-_un_sueno_en_la_floresta_de_agustin_pio_barrios_mangore.mp3"/>
   <file href="berta_rojas_15-resized.jpg"/>
   <file href="berta_rojas_1500-resized.jpg"/>
   <file href="berta_rojas_150000-resized.jpg"/>
   <file href="berta_rojas_1500000-resized.jpg"/>
   <file href="berta_rojas_plays_el_ultimo_canto_by_agustin_barrios.mp3"/>
   <file href="berta_rojas_plays_julia_florida.mp3"/>
   <file href="berta_rojas_plays_sueno_en_la_floresta.mp3"/>
   <file href="bertarojas_1500000-resized.jpg"/>
   <file href="efren-y-guyari063-resized.jpg"/>
   <file href="efren-y-guyari063-resized1.jpg"/>
   <file href="efren3.jpg"/>
   <file href="efren_1.jpg"/>
   <file href="efren_4.jpg"/>
   <file href="efren_echeverria.jpg"/>
   <file href="efren_echeverria_1.jpg"/>
   <file href="f__artepygame_logo_mec.png"/>
   <file href="favicon.ico"/>
   <file href="fracisco_russo-resized3.jpg"/>
   <file href="francisco-russo-especial-senales-640x360-1.png"/>
   <file href="francisco-russo.jpg"/>
   <file href="francisco_15.jpg"/>
   <file href="francisco_150-resized.jpg"/>
   <file href="francisco_russo-resized3.jpg"/>
   <file href="francisco_russo.jpg"/>
   <file href="francisco_russo_02_850.jpg"/>
   <file href="gobierno-del-paraguay_png-transparente-resized.jpg"/>
   <file href="icon-192.png"/>
   <file href="icon-72.png"/>
   <file href="imagen_de_whatsapp_2024-03-14_a_las_18.05.40_56fd0073-resized2.jpg"/>
   <file href="imagen_de_whatsapp_2024-03-14_a_las_18.05.40_56fd0073-resized3.jpg"/>
   <file href="imagen_de_whatsapp_2024-03-14_a_las_18.15.07_5eda30ed-resized2.jpg"/>
   <file href="imsmanifest.xml"/>
   <file href="index.html"/>
   <file href="insignea_juan_pablo_ll_2.0-resized.jpg"/>
   <file href="logo_mec_2023-1036ed23a742e60990fcd3ba5ae2c618.png"/>
   <file href="pngtree-flag-of-paraguay-with-old-texture-republic-national-standard-photo-image_18009968-resized2.jpg"/>
   <file href="poncho_de_francisco_russo.jpg"/>
   <file href="project-cover.jpg"/>
   <file href="project-thumb.jpg"/>
   <file href="project.json"/>
   <file href="republica-del-paraguay.png.png"/>
   <file href="salsa_roja__from_fiesta_americana_.mp3"/>
   <file href="sobrero_piri-resized.jpg"/>
  </resource>
 </resources>
</manifest>